훈련과정ID,회차,3개월 취업인원,3개월 취업률,6개월 취업인원,6개월 취업률,수료인원
AIG20200000286658,2,0,0.0,7,63.6,15
AIG20200000313010,2,0,0.0,29,61.7,51
AIG20200000286661,2,0,0.0,7,58.3,14
AIG20200000286558,1,0,0.0,3,60.0,5
AIG20200000288894,2,0,0.0,3,50.0,8
AIG20200000286666,2,0,0.0,12,60.0,21
AIG20200000286666,3,0,0.0,8,50.0,19
AIG20200000288888,2,0,0.0,11,52.4,22
AIG20200000286689,2,0,0.0,10,62.5,17
AIG20200000286689,3,0,0.0,4,44.4,11
AIG20200000286675,2,0,0.0,11,73.3,16
AIG20200000286648,5,0,0.0,13,65.0,21
AIG20200000286660,5,0,0.0,15,83.3,21
AIG20200000286668,4,0,0.0,16,69.6,24
AIG20200000288889,2,0,0.0,13,54.2,24
AIG20200000288889,3,0,0.0,11,50.0,23
AIG20200000288890,2,0,0.0,7,58.3,14
AIG20210000320474,1,0,0.0,7,28.0,26
AIG20210000320882,1,0,0.0,8,30.8,26
AIG20210000320902,1,0,0.0,3,37.5,8
AIG20210000320927,1,0,0.0,9,64.3,18
AIG20210000320939,1,0,0.0,11,42.3,27
AIG20200000288892,9,0,0.0,2,18.2,16
AIG20210000314457,1,0,0.0,3,60.0,7
AIG20200000313547,7,0,0.0,3,50.0,8
AIG20210000314451,1,0,0.0,6,46.2,14
AIG20210000313694,1,0,0.0,0,0.0,1
AIG20210000314440,2,0,0.0,7,58.3,14
AIG20210000313691,1,0,0.0,2,25.0,8
AIG20210000313691,2,,B,,B,0
AIG20210000313700,1,,B,,B,0
AIG20210000328612,2,0,0.0,5,41.7,15
AIG20200000286649,2,,C,,C,0
AIG20210000320882,3,0,0.0,1,6.3,19
AIG20210000320939,3,0,0.0,2,16.7,12
AIG20200000286647,5,0,0.0,4,26.7,17
AIG20210000313595,2,0,0.0,17,81.0,23
AIG20210000314418,2,0,0.0,10,90.9,11
AIG20210000313656,2,0,0.0,1,9.1,12
AIG20210000328992,5,0,0.0,1,33.3,3
AIG20220000366682,2,0,0.0,9,52.9,21
AIG20220000366880,2,0,0.0,9,47.4,20
AIG20210000328873,6,0,0.0,0,0.0,16
AIG20210000314414,2,0,0.0,0,0.0,2
AIG20210000329030,11,0,0.0,2,14.3,16
AIG20220000366761,1,0,0.0,9,52.9,22
AIG20210000314466,21,0,0.0,0,0.0,9
AIG20210000314466,22,0,0.0,4,44.4,10
AIG20200000313528,38,0,0.0,3,18.8,18
AIG20220000409270,3,0,0.0,2,12.5,16
AIG20200000313547,23,0,0.0,1,11.1,11
AIG20220000409240,1,0,0.0,6,37.5,17
AIG20220000409409,1,,C,,C,0
AIG20200000313409,4,0,0.0,0,0.0,15
AIG20210000314472,20,0,0.0,0,0.0,9
AIG20220000409387,1,,C,,C,0
AIG20220000366774,2,,C,,C,0
AIG20210000328611,1,,C,,C,0
AIG20210000313664,4,0,0.0,0,0.0,4
AIG20220000409224,1,0,0.0,1,25.0,6
AIG20210000329032,14,0,0.0,5,31.3,20
AIG20210000329032,17,0,0.0,1,7.1,20
AIG20210000329032,19,0,0.0,4,36.4,18
AIG20210000329032,20,0,0.0,3,17.6,20
AIG20210000329032,26,0,0.0,5,38.5,18
AIG20210000329032,28,0,0.0,1,9.1,16
AIG20210000329032,30,0,0.0,4,23.5,19
AIG20210000328824,2,,C,,C,0
AIG20210000328824,3,,C,,C,0
AIG20220000366801,2,0,0.0,1,16.7,7
AIG20200000286649,3,,C,,C,0
AIG20220000409297,1,0,0.0,1,33.3,3
AIG20220000412360,1,,B,,B,20
AIG20220000412361,1,,B,,B,20
AIG20210000329033,64,0,0.0,3,17.6,17
AIG20220000366909,2,,C,,C,0
AIG20220000409305,2,0,0.0,5,50.0,12
AIG20200000286689,12,0,0.0,3,17.6,20
AIG20200000286598,8,0,0.0,0,0.0,12
AIG20210000328557,9,0,0.0,3,21.4,15
AIG20210000314424,6,0,0.0,3,50.0,8
AIG20220000409220,1,0,0.0,0,0.0,5
AIG20210000320882,5,0,0.0,0,0.0,25
AIG20210000320939,5,0,0.0,2,40.0,15
AIG20210000313652,8,0,0.0,5,41.7,13
AIG20220000366854,13,0,0.0,4,23.5,20
AIG20200000286570,7,0,0.0,3,37.5,9
AIG20220000412364,1,0,0.0,0,0.0,17
AIG20220000412364,3,0,0.0,3,17.6,20
AIG20220000366826,3,0,0.0,4,30.8,16
AIG20210000313656,3,,D,,D,0
AIG20220000366909,4,,C,,C,0
AIG20220000409445,3,,C,,C,0
AIG20220000366757,1,0,0.0,1,16.7,7
AIG20210000328927,2,0,0.0,2,25.0,9
AIG20220000412360,2,,D,,D,25
AIG20220000412361,2,,B,,B,23
AIG20210000313657,4,0,0.0,2,50.0,5
AIG20230000412578,1,0,0.0,1,16.7,6
AIG20200000286692,10,0,0.0,2,25.0,8
AIG20200000286642,4,0,0.0,2,22.2,11
AIG20220000409358,1,,C,,C,0
AIG20220000409396,1,,C,,C,0
AIG20200000286683,5,0,0.0,3,37.5,9
AIG20210000329032,36,0,0.0,7,58.3,20
AIG20210000329032,42,0,0.0,5,35.7,18
AIG20210000314454,4,,C,,C,0
AIG20210000328612,8,0,0.0,4,50.0,11
AIG20220000366743,5,0,0.0,4,26.7,16
AIG20200000286611,9,0,0.0,0,0.0,10
AIG20210000329033,74,0,0.0,2,9.1,22
AIG20210000329033,96,0,0.0,4,23.5,17
AIG20230000412817,1,0,0.0,1,11.1,11
AIG20200000286689,15,0,0.0,5,45.5,12
AIG20210000328968,5,0,0.0,4,50.0,8
AIG20220000366918,8,0,0.0,3,23.1,16
AIG20230000412816,2,0,0.0,1,14.3,7
AIG20230000412830,1,0,0.0,2,28.6,7
AIG20220000366987,3,0,0.0,2,25.0,11
AIG20230000412863,1,0,0.0,3,37.5,9
AIG20230000455498,1,0,0.0,1,12.5,9
AIG20220000409333,2,0,0.0,5,55.6,10
AIG20220000366768,2,0,0.0,0,0.0,2
AIG20210000314480,7,0,0.0,4,16.7,26
AIG20230000412815,5,,C,,C,0
AIG20230000455437,1,0,0.0,3,42.9,8
AIG20210000314466,31,0,0.0,2,16.7,15
AIG20210000314421,8,0,0.0,2,33.3,6
AIG20220000409385,4,,B,,B,9
AIG20200000286683,6,0,0.0,3,42.9,7
AIG20210000328873,14,0,0.0,1,20.0,6
AIG20220000409215,5,0,0.0,2,22.2,9
AIG20230000412904,4,,C,,C,0
AIG20200000313528,55,0,0.0,1,7.1,16
AIG20210000314466,32,0,0.0,7,41.2,23
AIG20230000412840,1,,B,,B,0
AIG20210000328839,16,0,0.0,0,0.0,4
AIG20230000455540,1,0,0.0,2,18.2,11
AIG20210000313628,2,,C,,C,0
AIG20210000313694,4,0,0.0,0,0.0,1
AIG20200000286563,4,0,0.0,4,40.0,10
AIG20220000366793,3,,C,,C,0
AIG20210000328873,16,0,0.0,2,50.0,5
AIG20230000412670,6,0,0.0,3,27.3,13
AIG20230000455632,1,0,0.0,0,0.0,8
AIG20230000412892,2,0,0.0,5,45.5,28
AIG20230000455784,13,,C,,C,0
AIG20230000455784,6,,C,,C,0
AIG20230000455784,10,0,0.0,2,22.2,10
AIG20230000412689,1,,C,,C,0
AIG20200000286562,8,,C,,C,0
AIG20230000412579,9,,D,,D,11
AIG20230000412817,2,0,0.0,0,0.0,7
AIG20210000329032,49,0,0.0,6,60.0,21
AIG20210000329032,50,0,0.0,2,33.3,20
AIG20210000329032,57,0,0.0,4,30.8,22
AIG20220000366909,5,,C,,C,0
AIG20230000412568,1,0,0.0,4,50.0,9
AIG20210000314421,10,0,0.0,0,0.0,3
AIG20230000412770,5,0,0.0,1,25.0,7
AIG20230000412744,2,0,0.0,3,50.0,8
AIG20200000286525,13,0,0.0,1,14.3,8
AIG20230000455658,1,0,0.0,2,25.0,8
AIG20210000329033,113,0,0.0,0,0.0,14
AIG20230000412790,2,0,0.0,2,28.6,8
AIG20220000409420,6,,C,,C,0
AIG20230000412770,6,0,0.0,1,16.7,6
AIG20210000328971,16,0,0.0,1,6.3,17
AIG20230000455599,2,0,0.0,0,0.0,10
AIG20220000409422,2,0,0.0,2,50.0,4
AIG20220000366682,6,0,0.0,6,27.3,30
AIG20230000455591,2,0,0.0,1,7.1,16
AIG20220000409413,6,0,0.0,1,9.1,14
AIG20230000455588,2,0,0.0,1,14.3,7
AIG20220000366896,15,0,0.0,1,14.3,10
AIG20210000328598,5,,C,,C,0
AIG20230000412895,10,0,0.0,2,25.0,9
AIG20230000455666,2,0,0.0,0,0.0,6
AIG20240000459022,4,0,0.0,2,13.3,16
AIG20240000459068,1,0,0.0,7,38.9,20
AIG20220000409222,8,0,0.0,2,15.4,14
AIG20200000286660,24,0,0.0,9,75.0,15
AIG20240000459046,1,0,0.0,2,22.2,12
AIG20220000366787,13,0,0.0,1,14.3,8
AIG20220000366913,9,0,0.0,1,12.5,8
AIG20230000412863,4,0,0.0,6,40.0,16
AIG20230000455751,2,,B,,B,0
AIG20230000412712,6,0,0.0,2,25.0,8
AIG20220000366893,13,0,0.0,4,57.1,7
AIG20220000366797,9,0,0.0,2,33.3,7
AIG20220000366677,3,0,0.0,5,71.4,9
AIG20210000365837,10,0,0.0,0,0.0,10
AIG20240000459185,1,0,0.0,1,25.0,8
AIG20230000412600,3,,C,,C,0
AIG20240000459227,1,0,0.0,4,50.0,10
AIG20230000455784,16,,C,,C,0
AIG20230000455784,19,,C,,C,0
AIG20230000455784,21,,C,,C,0
AIG20240000459434,2,0,0.0,4,57.1,20
AIG20240000459009,1,0,0.0,1,20.0,11
AIG20220000366692,6,0,0.0,4,25.0,19
AIG20210000329032,60,0,0.0,0,0.0,14
AIG20210000329032,61,0,0.0,1,100.0,16
AIG20210000329032,65,0,0.0,1,25.0,17
AIG20210000329032,66,0,0.0,1,33.3,16
AIG20210000329032,67,0,0.0,0,0.0,15
AIG20210000329032,68,0,0.0,0,0.0,16
AIG20210000329032,69,0,0.0,,D,17
AIG20210000329032,70,0,0.0,1,50.0,17
AIG20210000329032,71,0,0.0,1,33.3,15
AIG20210000329032,73,0,0.0,0,0.0,14
AIG20210000329032,75,0,0.0,1,50.0,16
AIG20210000329032,77,0,0.0,0,0.0,16
AIG20220000412364,9,,C,,C,0
AIG20240000459038,2,0,0.0,0,0.0,2
AIG20220000366834,2,,C,,C,0
AIG20230000412766,9,,C,,C,0
AIG20230000412770,8,,C,,C,0
AIG20230000412795,7,0,0.0,2,25.0,9
AIG20240000459368,1,,B,,B,17
AIG20240000459370,1,,B,,B,25
AIG20210000328686,11,0,0.0,4,26.7,18
AIG20240000459021,1,0,0.0,2,28.6,7
AIG20240000459408,1,,B,,B,33
AIG20240000459412,1,,B,,B,21
AIG20220000409326,27,0,0.0,2,11.1,21
AIG20220000366743,10,,C,,C,0
AIG20230000412817,3,0,0.0,0,0.0,5
AIG20230000455766,6,,C,,C,0
AIG20240000459082,1,0,0.0,1,25.0,6
AIG20220000366913,10,0,0.0,2,22.2,9
AIG20230000455585,3,0,0.0,2,28.6,8
AIG20230000412755,7,0,0.0,5,71.4,9
AIG20230000412842,3,0,0.0,4,33.3,12
AIG20210000328555,7,,C,,C,0
AIG20240000459085,2,0,0.0,0,0.0,1
AIG20230000412698,5,0,0.0,2,40.0,5
AIG20240000459317,1,0,0.0,1,20.0,5
AIG20230000412765,6,0,0.0,2,40.0,6
AIG20230000412770,10,,C,,C,0
AIG20230000455591,3,0,0.0,1,14.3,9
AIG20230000455617,1,,C,,C,0
AIG20210000328860,26,0,0.0,3,50.0,9
AIG20210000328555,8,,C,,C,0
AIG20230000412816,7,0,0.0,2,40.0,6
AIG20240000459237,1,0,0.0,3,42.9,10
AIG20240000459400,2,,C,,C,0
AIG20220000366893,14,0,0.0,1,16.7,6
AIG20240000459422,10,0,0.0,1,20.0,7
AIG20240000459320,1,0,0.0,1,11.1,9
AIG20230000412649,3,,C,,C,0
AIG20230000455610,2,0,0.0,1,25.0,4
AIG20240000459408,2,,B,,B,32
AIG20240000459412,2,,B,,B,18
AIG20240000459232,1,0,0.0,0,0.0,3
AIG20240000459046,3,0,0.0,1,33.3,6
AIG20240000459046,4,,D,,D,1
AIG20230000412689,2,,C,,C,0
AIG20220000409285,8,,C,,C,0
AIG20230000412856,4,0,0.0,2,25.0,9
AIG20240000459397,2,,C,,C,0
AIG20240000459041,2,0,0.0,5,83.3,7
AIG20240000459287,1,0,0.0,1,50.0,4
AIG20230000412649,4,,C,,C,0
AIG20230000412780,2,,C,,C,0
AIG20220000409285,9,,C,,C,0
AIG20240000459290,1,,B,,B,29
AIG20230000455581,4,0,0.0,5,29.4,20
AIG20230000412649,5,,C,,C,0
AIG20230000412897,15,,C,,C,0
AIG20230000455578,3,0,0.0,0,0.0,7
AIG20240000459173,1,,B,,B,16
AIG20240000459347,1,0,0.0,2,50.0,5
AIG20240000459290,2,,D,,D,30
AIG20240000459386,1,0,0.0,4,36.4,11
AIG20230000412649,6,,C,,C,0
AIG20210000328828,10,0,0.0,1,11.1,12
AIG20230000412607,4,0,0.0,2,50.0,6
AIG20220000409285,10,,C,,C,0
AIG20240000459234,1,0,0.0,3,30.0,11
AIG20220000366759,2,,C,,C,0
AIG20220000409305,8,,C,,C,0
AIG20240000459064,1,0,0.0,8,66.7,13
AIG20240000459198,3,0,0.0,2,25.0,9
AIG20230000412757,6,0,0.0,2,100.0,4
AIG20240000459153,5,0,0.0,0,0.0,5
AIG20240000459358,2,,C,,C,0
AIG20230000455640,7,0,0.0,1,11.1,9
AIG20240000459356,2,,C,,C,0
AIG20230000412866,9,0,0.0,2,66.7,3
AIG20220000366759,3,,C,,C,0
AIG20220000409305,9,,C,,C,0
AIG20240000459292,3,0,0.0,3,33.3,10
AIG20210000328870,8,0,0.0,1,25.0,7
AIG20230000455595,6,0,0.0,7,30.4,24
AIG20220000366682,9,0,0.0,4,25.0,21
AIG20220000366880,9,0,0.0,6,31.6,22
AIG20240000459016,1,0,0.0,1,16.7,8
AIG20240000498160,1,0,0.0,3,25.0,14
AIG20240000459368,2,,B,,B,29
AIG20240000459370,2,,B,,B,31
AIG20230000412692,4,0,0.0,3,75.0,4
AIG20220000409356,4,,C,,C,0
AIG20220000366759,4,,C,,C,0
AIG20220000409305,10,,C,,C,0
AIG20240000459021,2,0,0.0,3,42.9,7
AIG20220000409350,5,0,0.0,1,50.0,3
AIG20240000459290,3,,D,,D,30
AIG20230000412830,5,0,0.0,3,37.5,8
AIG20240000459038,4,0,0.0,1,20.0,6
AIG20220000366733,9,,C,,C,0
AIG20240000459290,4,,D,,D,30
AIG20220000409247,19,,C,,C,0
AIG20230000455720,9,0,0.0,0,0.0,14
AIG20240000459408,3,,B,,B,32
AIG20240000459190,1,,B,,B,0
AIG20230000455766,8,,C,,C,0
AIG20240000459323,1,,B,,B,6
AIG20220000409306,4,,C,,C,0
AIG20240000498335,1,0,0.0,23,48.9,48
AIG20240000459423,1,,D,,D,4
AIG20240000498342,1,,B,,B,14
AIG20240000498366,1,,B,,B,20
AIG20210000328870,10,,B,,B,0
AIG20210000328870,9,0,0.0,1,100.0,2
AIG20240000459329,1,,B,,B,15
AIG20240000498261,1,,B,,B,47
AIG20240000498289,1,,B,,B,19
AIG20230000455751,3,,B,,B,4
AIG20230000412755,9,0,0.0,2,40.0,8
AIG20240000459152,2,0,0.0,0,0.0,6
AIG20220000409368,9,,C,,C,0
AIG20220000366759,5,,C,,C,0
AIG20230000455617,3,,C,,C,0
AIG20240000459402,3,0,0.0,1,11.1,11
AIG20240000459381,1,,B,,B,26
AIG20220000366797,20,,C,,C,0
AIG20210000329032,78,0,0.0,4,26.7,22
AIG20210000329032,80,0,0.0,1,14.3,25
AIG20210000329032,82,0,0.0,8,61.5,24
AIG20210000329032,84,0,0.0,4,36.4,23
AIG20210000329032,85,0,0.0,5,71.4,24
AIG20240000459397,4,0,0.0,2,18.2,26
AIG20240000459311,2,,C,,C,0
AIG20240000498279,1,0,0.0,0,0.0,2
AIG20240000459345,1,0,0.0,0,0.0,6
AIG20230000412780,3,,C,,C,0
AIG20230000412586,14,0,0.0,21,80.8,35
AIG20240000498081,1,0,0.0,5,55.6,10
AIG20240000459084,1,0,0.0,0,0.0,9
AIG20220000366914,6,,C,,C,0
AIG20230000455744,5,,C,,C,0
AIG20230000455575,4,0,0.0,2,40.0,5
AIG20210000328538,5,0,0.0,2,22.2,10
AIG20230000455734,4,0,0.0,4,66.7,8
AIG20220000409385,7,,C,,C,0
AIG20240000498245,1,0,0.0,3,33.3,12
AIG20230000412744,4,,C,,C,0
AIG20230000412740,6,0,0.0,2,50.0,4
AIG20230000455784,24,,C,,C,0
AIG20230000455784,25,,C,,C,0
AIG20230000455784,26,,C,,C,0
AIG20230000455784,27,,C,,C,0
AIG20240000498227,2,0,0.0,0,0.0,2
AIG20240000459246,1,0,0.0,3,50.0,7
AIG20230000412897,18,,C,,C,0
AIG20240000498236,1,,C,,C,0
AIG20240000459042,3,0,0.0,0,0.0,13
AIG20230000412856,5,,C,,C,0
AIG20240000498290,1,0,0.0,2,100.0,5
AIG20240000459123,2,0,0.0,24,51.1,48
AIG20240000459124,2,0,0.0,23,52.3,46
AIG20240000501208,1,0,0.0,18,41.9,46
AIG20240000459214,2,0,0.0,2,22.2,9
AIG20240000498389,1,,B,,B,31
AIG20240000498097,1,0,0.0,1,100.0,1
AIG20240000498119,1,0,0.0,3,37.5,9
AIG20230000412684,3,,C,,C,0
AIG20240000459019,4,0,0.0,7,36.8,20
AIG20240000459019,5,0,0.0,9,50.0,18
AIG20240000459068,11,0,0.0,7,29.2,24
AIG20240000459269,4,0,0.0,8,47.1,18
AIG20240000498081,2,0,0.0,10,62.5,17
AIG20240000501255,1,0,0.0,21,52.5,43
AIG20240000498389,2,,B,,B,38
AIG20230000455592,5,0,0.0,3,25.0,12
AIG20240000498289,2,,D,,D,14
AIG20240000459022,14,0,0.0,7,31.8,25
AIG20240000459063,2,0,0.0,0,0.0,4
AIG20240000498244,3,,B,,B,8
AIG20240000498281,1,,C,,C,0
AIG20240000501258,2,,C,,C,0
AIG20240000501258,3,,C,,C,0
AIG20230000412694,4,0,0.0,7,50.0,17
AIG20240000459400,4,,C,,C,0
AIG20230000455632,2,,C,,C,0
AIG20240000459040,3,0,0.0,0,0.0,1
AIG20240000459113,2,0,0.0,2,20.0,13
AIG20230000455692,4,0,0.0,2,40.0,7
AIG20240000459368,3,,B,,B,20
AIG20240000459370,3,,B,,B,23
AIG20230000455783,4,,B,,B,17
AIG20230000412580,7,0,0.0,5,41.7,16
AIG20240000498278,3,0,0.0,3,25.0,16
AIG20230000455568,4,0,0.0,0,0.0,4
AIG20230000412595,4,0,0.0,2,33.3,9
AIG20240000459157,3,,C,,C,0
AIG20240000459408,4,,B,,B,56
AIG20240000459412,3,,B,,B,32
AIG20240000459359,3,,C,,C,0
AIG20240000459245,2,0,0.0,1,25.0,5
AIG20240000498342,2,,B,,B,17
AIG20240000498366,2,,B,,B,33
AIG20240000498064,1,0,0.0,1,33.3,3
AIG20240000498268,2,0,0.0,0,0.0,3
AIG20240000498090,3,0,0.0,14,82.4,18
AIG20240000459251,2,0,0.0,0,0.0,13
AIG20240000459160,4,,C,,C,0
AIG20230000455714,6,0,0.0,3,37.5,10
AIG20240000498198,2,0,0.0,1,33.3,3
AIG20240000459357,4,0,0.0,1,14.3,7
AIG20240000459358,4,0,0.0,0,0.0,5
AIG20240000498183,2,0,0.0,1,11.1,9
AIG20240000498065,4,0,0.0,1,33.3,4
AIG20240000498389,3,,B,,B,29
AIG20240000459034,2,8,33.3,,B,24
AIG20240000459053,2,1,7.7,,B,13
AIG20240000459054,2,3,15.0,,B,20
AIG20240000459329,2,,D,,D,4
AIG20240000498130,3,0,0.0,3,50.0,7
AIG20240000459381,2,,D,,D,30
AIG20240000498342,3,,B,,B,23
AIG20230000412740,7,,C,,C,0
AIG20230000412581,7,0,0.0,3,30.0,13
AIG20240000498366,3,,B,,B,22
AIG20240000459368,4,,B,,B,20
AIG20240000459370,4,,B,,B,17
AIG20240000459191,5,0,0.0,6,50.0,14
AIG20240000459408,5,,B,,B,62
AIG20240000498261,2,,B,,B,62
AIG20230000455637,2,0,0.0,2,40.0,19
AIG20230000455696,4,,C,,C,0
AIG20240000498278,5,1,5.9,,B,18
AIG20240000459360,7,0,0.0,3,42.9,8
AIG20240000459143,6,4,17.4,,B,23
AIG20230000412712,13,,C,,C,0
AIG20240000459393,2,2,22.2,,B,11
AIG20240000459009,3,,B,,B,29
AIG20240000501192,10,0,0.0,8,57.1,27
AIG20240000501192,3,0,0.0,5,45.5,27
AIG20240000501192,4,0,0.0,8,66.7,28
AIG20240000501192,5,0,0.0,7,63.6,29
AIG20240000501192,7,0,0.0,9,81.8,29
AIG20240000501192,8,0,0.0,8,66.7,29
AIG20240000501192,9,0,0.0,5,62.5,28
AIG20240000459290,5,,D,,D,30
AIG20240000459397,6,0,0.0,1,14.3,17
AIG20240000459263,1,,B,,B,5
AIG20240000459241,3,,C,,C,0
AIG20250000540031,1,,D,,D,30
AIG20240000498339,2,,B,,B,0
AIG20230000412678,7,,C,,C,0
AIG20240000459317,5,0,0.0,0,0.0,4
AIG20240000459290,6,,D,,D,30
AIG20240000459412,4,,B,,B,35
AIG20240000498289,3,,B,,B,33
AIG20240000459049,2,0,0.0,1,8.3,13
AIG20240000498350,3,0,0.0,2,11.1,20
AIG20240000498081,4,0,0.0,0,0.0,3
AIG20240000459352,4,5,23.8,,B,23
AIG20240000498260,7,5,31.3,,B,20
AIG20240000459290,7,,B,,B,29
AIG20240000501189,21,,B,,B,20
AIG20240000501189,22,,B,,B,14
AIG20240000501189,23,,B,,B,13
AIG20240000501189,24,,B,,B,19
AIG20240000501189,25,,B,,B,12
AIG20240000501189,26,,B,,B,17
AIG20240000501189,27,,B,,B,16
AIG20240000501189,28,,B,,B,18
AIG20240000501189,29,,B,,B,15
AIG20240000501189,30,,B,,B,17
AIG20240000501189,31,,B,,B,21
AIG20240000501189,32,,B,,B,13
AIG20240000501189,33,,B,,B,12
AIG20240000501189,34,,B,,B,16
AIG20240000501189,35,,B,,B,22
AIG20240000501189,36,,B,,B,16
AIG20240000501189,37,,B,,B,11
AIG20240000501189,38,,B,,B,24
AIG20240000501189,39,,B,,B,22
AIG20240000501189,40,,B,,B,18
AIG20240000501189,41,,B,,B,18
AIG20240000498090,4,0,0.0,1,25.0,5
AIG20230000412895,14,0,0.0,3,27.3,13
AIG20240000498260,8,2,25.0,,B,9
AIG20240000459191,6,6,33.3,,B,22
AIG20240000459194,4,0,0.0,2,40.0,6
AIG20240000459290,8,,D,,D,30
AIG20230000455555,6,0,0.0,0,0.0,5
AIG20230000412718,12,2,50.0,,B,9
AIG20240000498185,5,5,33.3,,B,19
AIG20230000455717,5,0,0.0,0,0.0,7
AIG20240000459389,11,3,30.0,,B,10
AIG20230000455783,5,,C,,C,0
AIG20240000459365,1,,C,,C,0
AIG20240000459083,6,0,0.0,2,40.0,6
AIG20240000459298,3,4,33.3,,B,17
AIG20240000498100,4,2,18.2,,B,13
AIG20240000459026,1,0,0.0,,B,1
AIG20240000498158,5,10,16.4,,B,66
AIG20240000498158,6,2,14.3,,B,15
AIG20240000459293,5,7,50.0,,B,16
AIG20230000412742,8,0,0.0,3,50.0,9
AIG20230000412667,10,3,37.5,,B,10
AIG20240000498149,2,3,27.3,,B,15
AIG20240000459160,5,,C,,C,0
AIG20230000455588,6,1,8.3,,B,13
AIG20250000501655,2,5,83.3,,B,6
AIG20240000501250,1,6,27.3,,B,22
AIG20240000459408,6,,B,,B,61
AIG20240000498180,2,0,0.0,4,40.0,11
AIG20250000501459,1,0,0.0,2,28.6,18
AIG20230000412645,14,1,10.0,,B,13
AIG20230000412581,8,0,0.0,,B,8
AIG20230000412830,7,3,37.5,,B,10
AIG20240000459328,6,1,7.1,,B,16
AIG20250000501668,1,3,23.1,,B,15
AIG20250000501684,1,2,33.3,,B,6
AIG20240000459287,2,,C,,C,0
AIG20230000455554,11,6,60.0,,B,10
AIG20230000412718,13,0,0.0,2,14.3,17
AIG20230000455633,5,0,0.0,9,75.0,14
AIG20240000498127,3,0,0.0,1,50.0,6
AIG20250000501352,1,,C,,C,0
AIG20230000412794,14,7,43.8,,B,17
AIG20250000501434,1,4,36.4,,B,15
AIG20240000498058,7,3,37.5,,B,9
AIG20250000501355,1,7,53.8,,B,15
AIG20240000498079,3,15,71.4,,B,24
AIG20240000459164,5,4,18.2,,B,22
AIG20240000459164,6,6,20.7,,B,32
AIG20240000459339,5,0,0.0,,B,12
AIG20240000459339,6,0,0.0,,B,7
AIG20240000498389,4,,B,,B,27
AIG20250000501446,1,1,11.1,5,55.6,9
AIG20250000501447,1,2,20.0,7,70.0,12
AIG20240000498259,3,2,50.0,,B,7
AIG20250000501427,1,5,71.4,,B,8
AIG20240000501238,4,1,7.7,,B,17
AIG20240000459414,4,4,40.0,,B,12
AIG20240000498213,3,1,11.1,,B,10
AIG20250000501781,1,1,9.1,,B,12
AIG20230000455748,9,0,0.0,3,18.8,19
AIG20240000498260,11,7,50.0,,B,14
AIG20240000459059,7,4,66.7,,B,8
AIG20230000412832,14,3,60.0,,B,5
AIG20240000498068,2,6,42.9,,B,14
AIG20240000459403,1,2,33.3,,B,8
AIG20240000459359,4,,C,,C,0
AIG20240000459371,2,0,0.0,0,0.0,6
AIG20250000501509,1,3,50.0,,B,7
AIG20240000498076,5,4,50.0,,B,10
AIG20240000498119,3,4,23.5,,B,17
AIG20230000455602,18,3,23.1,,B,15
AIG20240000498185,6,4,26.7,,B,17
AIG20230000412740,8,,C,,C,0
AIG20240000459389,12,5,55.6,,B,9
AIG20240000498232,2,3,50.0,,B,6
AIG20230000455587,3,6,13.0,,B,54
AIG20230000455590,3,10,25.6,,B,46
AIG20240000459352,5,5,25.0,,B,23
AIG20240000459258,4,2,12.5,,B,19
AIG20240000459325,6,4,66.7,,B,7
AIG20240000459357,6,1,25.0,,B,5
AIG20240000459358,6,0,0.0,,B,4
AIG20250000501484,1,7,38.9,,B,22
AIG20240000459411,2,2,33.3,,B,9
AIG20240000459017,6,2,18.2,,B,13
AIG20230000455784,30,5,45.5,,B,14
AIG20240000459287,3,1,16.7,,B,6
AIG20230000412766,17,,B,,B,0
AIG20250000501364,1,7,24.1,,B,35
AIG20240000459315,6,2,40.0,,B,7
AIG20240000459317,6,2,28.6,,B,8
AIG20240000459105,2,4,80.0,,B,7
AIG20240000498287,4,26,68.4,,B,47
AIG20230000455791,3,0,0.0,,B,5
AIG20240000459141,1,0,0.0,,B,2
AIG20240000459432,3,4,18.2,,B,27
AIG20240000459068,20,6,30.0,,B,24
AIG20230000412852,9,2,25.0,,B,13
AIG20240000459278,7,3,37.5,,B,8
AIG20240000459422,32,9,60.0,,B,16
AIG20240000459422,33,1,9.1,,B,12
AIG20240000459422,34,3,30.0,,B,13
AIG20240000459422,35,1,12.5,,B,8
AIG20240000459422,36,3,23.1,,B,14
AIG20240000459422,37,2,40.0,,B,5
AIG20240000459123,3,1,4.3,,B,26
AIG20240000459124,3,4,10.3,,B,43
AIG20240000501208,2,7,17.5,,B,44
AIG20250000501460,4,7,43.8,,B,18
AIG20240000459322,6,1,25.0,,B,5
AIG20240000459356,6,0,0.0,,B,5
AIG20240000498288,4,3,15.0,,B,20
AIG20250000501714,1,2,14.3,,B,16
AIG20250000501529,1,5,45.5,,B,12
AIG20250000501562,1,3,50.0,,B,8
AIG20230000412645,16,3,37.5,,B,12
AIG20230000412766,18,0,0.0,,B,8
AIG20230000412770,15,4,22.2,,B,27
AIG20240000459423,2,,D,,D,25
AIG20250000501396,1,5,62.5,,B,10
AIG20240000501252,2,1,9.1,,B,16
AIG20240000459233,4,0,0.0,,B,8
AIG20230000455611,6,5,50.0,,B,12
AIG20230000455592,6,2,25.0,,B,8
AIG20240000501227,2,3,18.8,,B,17
AIG20250000501602,1,5,55.6,,B,10
AIG20250000501602,2,5,21.7,,B,25
AIG20230000412579,23,5,62.5,,B,9
AIG20230000455744,8,2,11.1,,B,23
AIG20230000455555,7,1,20.0,,B,6
AIG20250000501335,1,4,66.7,,B,9
AIG20240000498338,5,0,0.0,0,0.0,5
AIG20250000501400,2,2,20.0,,B,12
AIG20230000412601,6,2,25.0,,B,8
AIG20240000498081,6,2,40.0,,B,10
AIG20240000459336,2,1,7.1,,B,14
AIG20250000501428,1,12,80.0,,B,16
AIG20250000501522,1,2,11.8,,B,20
AIG20240000459187,7,1,12.5,,B,13
AIG20240000459214,4,1,16.7,,B,7
AIG20230000455635,21,3,17.6,,B,24
AIG20240000501198,4,1,10.0,,B,12
AIG20230000412826,12,5,25.0,,B,21
AIG20240000459283,10,3,37.5,,B,9
AIG20240000498130,6,3,16.7,,B,18
AIG20240000498142,7,4,25.0,,B,16
AIG20240000459302,11,3,27.3,,B,13
AIG20250000501392,1,6,54.5,,B,12
AIG20240000459311,7,0,0.0,0,0.0,10
AIG20240000459412,5,,B,,B,50
AIG20250000501694,1,0,0.0,2,33.3,8
AIG20250000501754,1,4,33.3,,B,12
AIG20240000459426,5,5,33.3,,B,16
AIG20230000455731,8,9,100.0,,B,10
AIG20250000501352,2,3,25.0,,B,15
AIG20240000459306,7,5,55.6,,B,9
AIG20250000501456,1,4,36.4,,B,13
AIG20230000455589,5,2,40.0,,B,6
AIG20240000498149,3,5,38.5,,B,14
AIG20240000498278,6,,B,,B,18
AIG20240000501190,22,1,10.0,,B,11
AIG20240000501190,23,1,11.1,,B,11
AIG20240000501190,24,2,15.4,,B,13
AIG20240000501190,25,2,14.3,,B,16
AIG20240000501190,26,2,20.0,,B,14
AIG20240000501190,27,2,22.2,,B,10
AIG20240000501190,28,1,5.6,,B,21
AIG20240000501190,29,0,0.0,,B,8
AIG20240000501190,30,1,20.0,,B,6
AIG20240000501190,31,4,28.6,,B,16
AIG20240000501190,32,3,27.3,,B,13
AIG20240000501190,33,2,28.6,,B,8
AIG20240000501190,34,0,0.0,,B,14
AIG20240000501190,35,1,12.5,,B,11
AIG20240000501190,36,1,8.3,,B,14
AIG20240000501190,37,2,15.4,,B,13
AIG20240000501190,38,2,11.8,,B,19
AIG20240000501190,39,2,33.3,,B,8
AIG20240000501190,40,4,28.6,,B,15
AIG20240000501190,41,0,0.0,,B,20
AIG20230000455720,16,3,23.1,,B,21
AIG20250000501345,1,11,68.8,,B,17
AIG20250000501645,1,2,14.3,,B,19
AIG20240000459268,7,4,28.6,,B,19
AIG20240000501238,5,9,52.9,,B,20
AIG20240000501197,4,3,25.0,,B,13
AIG20240000459038,9,3,33.3,,B,9
AIG20250000501656,1,1,16.7,,B,7
AIG20250000501665,1,2,50.0,,B,9
AIG20250000501666,1,3,17.6,,B,18
AIG20250000501669,1,6,42.9,,B,18
AIG20250000501671,1,4,22.2,,B,20
AIG20250000501674,1,3,30.0,,B,10
AIG20250000501677,1,3,33.3,,B,11
AIG20250000501678,1,3,37.5,,B,10
AIG20250000501679,1,2,15.4,,B,15
AIG20230000455640,16,3,25.0,,B,16
AIG20240000459138,11,6,37.5,,B,17
AIG20240000459138,12,7,43.8,,B,18
AIG20240000459068,21,2,11.8,,B,21
AIG20250000501399,1,3,30.0,,B,10
AIG20230000455749,5,3,27.3,,B,12
AIG20230000412755,14,3,30.0,,B,10
AIG20240000459160,6,,C,,C,0
AIG20250000501719,1,8,25.8,,B,41
AIG20230000455718,15,0,0.0,,B,14
AIG20230000455720,17,7,63.6,,B,11
AIG20240000498115,6,6,25.0,,B,28
AIG20250000501436,1,7,58.3,,B,14
AIG20230000412606,10,1,12.5,,B,9
AIG20240000498366,4,,B,,B,28
AIG20230000412718,14,3,25.0,,B,17
AIG20240000459359,5,,C,,C,0
AIG20230000455753,11,4,13.8,,B,34
AIG20240000498260,12,1,14.3,,B,8
AIG20250000501352,3,,C,,C,0
AIG20240000498184,4,28,100.0,,B,28
AIG20250000501381,1,4,66.7,,B,6
AIG20240000459366,6,5,35.7,,B,21
AIG20230000412753,7,9,90.0,,B,11
AIG20240000459077,4,5,55.6,,B,14
AIG20240000459225,4,5,35.7,,B,14
AIG20250000501724,1,5,26.3,,B,19
AIG20240000459084,2,2,16.7,,B,15
AIG20250000501522,2,0,0.0,,B,12
AIG20250000501588,1,,B,,B,3
AIG20240000498123,5,4,28.6,,B,15
AIG20240000498126,4,2,33.3,,B,6
AIG20240000498395,3,3,27.3,,B,12
AIG20230000455714,8,2,25.0,,B,9
AIG20240000459414,5,4,33.3,,B,14
AIG20250000501522,3,,B,,B,19
AIG20250000501586,1,0,0.0,,B,7
AIG20250000541106,1,,B,,B,17
AIG20250000501715,1,0,0.0,0,0.0,3
AIG20240000501210,2,17,68.0,,B,26
AIG20250000501352,4,,C,,C,0
AIG20230000412678,8,,C,,C,0
AIG20230000412830,8,2,33.3,,B,6
AIG20230000455588,7,1,8.3,,B,14
AIG20240000501224,2,4,44.4,,B,10
AIG20240000498260,13,3,42.9,,B,8
AIG20240000498058,8,2,28.6,,B,9
AIG20240000459323,4,0,0.0,0,0.0,8
AIG20240000459269,7,2,20.0,,B,10
AIG20240000459010,1,,B,,B,22
AIG20250000501427,2,3,37.5,,B,8
AIG20240000459097,8,1,33.3,,B,6
AIG20230000412586,21,3,17.6,,B,19
AIG20240000459328,7,1,8.3,,B,14
AIG20250000501364,2,8,18.6,,B,48
AIG20240000498066,6,4,22.2,,B,21
AIG20250000501781,2,13,54.2,,B,27
AIG20240000459091,6,6,18.2,,B,39
AIG20230000455656,10,21,30.4,,B,76
AIG20240000459254,5,5,31.3,,B,16
AIG20240000459254,6,6,40.0,,B,16
AIG20240000459024,2,2,16.7,,B,13
AIG20240000498265,4,1,20.0,,B,8
AIG20240000459059,8,1,25.0,,B,5
AIG20230000455734,7,1,12.5,,B,9
AIG20230000412750,15,3,27.3,,B,11
AIG20250000501478,2,8,66.7,,B,14
AIG20250000501481,1,4,44.4,,B,9
AIG20250000501655,3,3,60.0,,B,7
AIG20230000455610,3,1,50.0,,B,2
AIG20230000412718,15,3,25.0,,B,14
AIG20250000501393,1,,B,,B,17
AIG20250000501545,1,,B,,B,3
AIG20240000459166,7,6,33.3,,B,20
AIG20240000498267,6,7,29.2,,B,26
AIG20230000412800,3,2,13.3,,B,16
AIG20240000459259,6,6,11.1,,B,62
AIG20240000501193,1,,B,,B,30
AIG20240000501193,2,,B,,B,30
AIG20240000501193,3,,B,,B,30
AIG20240000501193,4,,B,,B,30
AIG20240000501193,5,,B,,B,29
AIG20240000501193,6,,B,,B,29
AIG20240000501193,7,,B,,B,29
AIG20230000412699,7,5,33.3,,B,19
AIG20240000459220,1,9,47.4,,B,22
AIG20240000498178,3,20,55.6,,B,44
AIG20240000501182,2,5,33.3,,B,16
AIG20240000501195,3,5,29.4,,B,22
AIG20240000501195,4,3,16.7,,B,23
AIG20240000459325,7,0,0.0,,B,7
AIG20250000501497,1,2,40.0,,B,6
AIG20250000501443,1,4,20.0,,B,21
AIG20240000498366,5,,B,,B,6
AIG20240000459368,5,,B,,B,21
AIG20240000498261,3,,B,,B,52
AIG20240000459097,10,4,33.3,,B,18
AIG20250000501613,1,0,0.0,,B,6
AIG20230000412718,16,0,0.0,,B,9
AIG20230000455753,12,5,35.7,,B,19
AIG20240000498126,5,2,20.0,,B,12
AIG20240000498148,2,0,0.0,,B,4
AIG20240000459142,6,2,13.3,,B,17
AIG20240000459113,3,2,16.7,,B,17
AIG20230000412740,9,0,0.0,,B,5
AIG20240000498100,5,,B,,B,12
AIG20250000501393,2,,B,,B,16
AIG20250000501545,2,,B,,B,18
AIG20240000498342,4,,B,,B,37
AIG20250000501578,1,0,0.0,,B,4
AIG20240000458999,4,1,8.3,,B,14
AIG20250000501475,1,1,11.1,,B,10
AIG20230000455741,6,7,63.6,,B,11
AIG20240000459402,6,1,12.5,,B,9
AIG20230000412842,5,,C,,C,0
AIG20230000412688,8,1,33.3,,B,4
AIG20240000459315,7,1,14.3,,B,9
AIG20240000459322,7,1,33.3,,B,3
AIG20240000459356,7,0,0.0,,B,9
AIG20240000459358,7,3,75.0,,B,6
AIG20230000455694,6,2,33.3,,B,7
AIG20230000455635,22,4,36.4,,B,12
AIG20240000498260,14,9,60.0,,B,15
AIG20240000459068,22,6,46.2,,B,14
AIG20240000498172,5,1,16.7,,B,7
AIG20230000412580,8,5,26.3,,B,23
AIG20230000412591,8,3,25.0,,B,22
AIG20230000412591,9,3,17.6,,B,23
AIG20240000498262,3,0,0.0,,B,6
AIG20250000501370,1,5,38.5,,B,17
AIG20230000412832,15,1,25.0,,B,4
AIG20230000412766,19,3,50.0,,B,6
AIG20230000412770,16,2,20.0,,B,14
AIG20240000498130,7,4,36.4,,B,13
AIG20240000459302,12,3,25.0,,B,17
AIG20240000459390,10,5,21.7,,B,24
AIG20250000501445,1,2,25.0,,B,9
AIG20240000459381,3,,B,,B,25
AIG20230000455612,6,4,28.6,,B,32
AIG20230000455675,5,9,90.0,,B,11
AIG20250000501503,2,21,29.6,,B,80
AIG20250000501512,2,17,39.5,,B,47
AIG20240000498108,7,3,37.5,,B,9
AIG20250000501572,3,12,80.0,,B,16
AIG20230000412839,8,5,35.7,,B,16
AIG20240000459389,13,,B,,B,14
AIG20230000455687,11,4,40.0,,B,11
AIG20250000501445,2,1,12.5,,B,8
AIG20230000455573,10,0,0.0,,B,4
AIG20230000455554,12,,B,,B,13
AIG20240000459406,5,4,57.1,,B,7
AIG20240000498287,5,11,42.3,,B,30
AIG20230000455692,5,,B,,B,8
AIG20240000459211,4,3,42.9,,B,8
AIG20240000501236,3,3,33.3,,B,9
AIG20240000459423,3,,B,,B,72
AIG20240000498366,6,,B,,B,21
AIG20240000459227,5,2,13.3,,B,15
AIG20240000459209,9,1,10.0,,B,11
AIG20240000498128,4,4,40.0,,B,11
AIG20230000455611,7,0,0.0,,B,4
AIG20230000455739,9,4,33.3,,B,13
AIG20250000501456,2,1,16.7,,B,7
AIG20250000501520,1,4,50.0,,B,9
AIG20230000412839,9,4,50.0,,B,11
AIG20250000501663,1,,B,,B,31
AIG20250000501545,3,,B,,B,23
AIG20230000412662,13,3,30.0,,B,10
AIG20240000459065,6,0,0.0,,B,5
AIG20240000459268,8,9,60.0,,B,16
AIG20240000498303,4,6,54.5,,B,11
AIG20240000501233,2,4,40.0,,B,13
AIG20250000501522,4,,B,,B,14
AIG20240000459210,5,5,25.0,,B,22
AIG20230000412662,14,2,20.0,,B,10
AIG20230000455715,7,,C,,C,0
AIG20240000498071,1,0,0.0,,B,2
AIG20240000459288,10,,C,,C,0
AIG20230000412667,11,,B,,B,9
AIG20240000459097,9,2,18.2,,B,12
AIG20250000501719,2,12,50.0,,B,30
AIG20230000455718,16,2,16.7,,B,17
AIG20230000455720,18,4,57.1,,B,7
AIG20240000498141,2,4,44.4,,B,10
AIG20240000459291,5,9,47.4,,B,20
AIG20250000501714,2,1,6.3,,B,17
AIG20250000501472,1,,B,,B,18
AIG20240000498142,8,,B,,B,10
AIG20240000459352,6,,B,,B,17
AIG20240000459329,4,,D,,D,7
AIG20240000498314,8,2,40.0,,B,7
AIG20250000501515,2,1,50.0,,B,3
AIG20230000455635,23,3,15.8,,B,21
AIG20230000455736,12,14,73.7,,B,20
AIG20240000459278,8,3,37.5,,B,8
AIG20240000498302,3,,C,,C,0
AIG20240000498213,4,2,40.0,,B,5
AIG20250000501460,5,,B,,B,9
AIG20230000412718,17,,B,,B,12
AIG20230000412868,9,,B,,B,15
AIG20240000459097,11,5,23.8,,B,22
AIG20230000455595,13,4,44.4,,B,13
AIG20230000412895,15,1,11.1,,B,10
AIG20240000459333,3,4,30.8,,B,14
AIG20240000498076,6,4,36.4,,B,13
AIG20250000501724,2,,B,,B,14
AIG20240000459191,7,,B,,B,16
AIG20240000498123,6,7,50.0,,B,14
AIG20230000455631,8,5,50.0,,B,10
AIG20230000455715,8,,C,,C,0
AIG20230000412697,8,3,23.1,,B,15
AIG20250000501657,1,5,27.8,,B,25
AIG20240000459288,11,,C,,C,0
AIG20230000455719,15,2,10.5,,B,38
AIG20230000455593,12,3,30.0,,B,15
AIG20230000412755,15,5,71.4,,B,7
AIG20240000501227,3,3,23.1,,B,15
AIG20240000459317,8,,B,,B,4
AIG20240000459357,8,,B,,B,7
AIG20240000459283,11,,B,,B,18
AIG20240000498115,7,,B,,B,19
AIG20240000459009,4,,D,,D,17
AIG20240000459408,7,,B,,B,62
AIG20240000459412,6,,B,,B,58
AIG20240000498366,7,,B,,B,14
AIG20230000412656,17,19,63.3,,B,35
AIG20230000412747,9,2,16.7,,B,19
AIG20240000459091,8,8,30.8,,B,30
AIG20240000498156,5,15,42.9,,B,43
AIG20230000412718,18,1,16.7,,B,10
AIG20240000459278,9,1,8.3,,B,12
AIG20250000501509,2,2,8.3,,B,25
AIG20240000459068,23,4,36.4,,B,15
AIG20230000455753,13,3,16.7,,B,18
AIG20240000498084,4,4,50.0,,B,10
AIG20240000498099,1,,B,,B,12
AIG20240000498183,3,,B,,B,6
AIG20240000459307,6,,B,,B,21
AIG20240000498089,4,2,8.0,,B,30
AIG20240000498342,5,,B,,B,39
AIG20240000459415,5,5,62.5,,B,10
AIG20230000455664,7,24,75.0,,B,36
AIG20240000501198,5,2,22.2,,B,10
AIG20230000412586,22,5,38.5,,B,16
AIG20240000498095,3,,B,,B,7
AIG20230000412804,8,,B,,B,18
AIG20240000459311,8,0,0.0,1,50.0,3
AIG20230000455653,10,16,31.4,,B,58
AIG20240000498072,8,5,19.2,,B,30
AIG20250000501694,2,4,44.4,,B,14
AIG20240000498159,4,10,38.5,,B,30
AIG20250000501364,3,,B,,B,35
AIG20250000501427,3,,B,,B,7
AIG20240000498066,7,,B,,B,21
AIG20240000498158,7,,B,,B,64
AIG20240000459059,9,2,20.0,,B,13
AIG20240000459039,3,,B,,B,10
AIG20250000501473,2,2,13.3,,B,17
AIG20240000498211,3,,B,,B,24
AIG20230000412750,16,,B,,B,10
AIG20230000455602,19,,B,,B,16
AIG20240000459157,7,,B,,B,12
AIG20240000459389,14,,B,,B,8
AIG20250000501362,1,0,0.0,1,50.0,2
AIG20230000412857,14,9,40.9,,B,23
AIG20240000459301,8,0,0.0,,B,14
AIG20240000498260,17,6,60.0,,B,10
AIG20230000412740,10,,B,,B,12
AIG20250000501341,2,3,12.0,,B,27
AIG20250000501373,2,10,66.7,,B,16
AIG20230000412569,5,7,77.8,,B,11
AIG20240000501222,2,2,12.5,,B,21
AIG20250000501454,1,,B,,B,22
AIG20240000459365,2,,B,,B,2
AIG20250000501743,1,,B,,B,17
AIG20240000498366,8,,B,,B,12
AIG20250000501722,1,3,42.9,,B,7
AIG20240000459319,3,4,66.7,,B,6
AIG20240000498108,8,5,26.3,,B,19
AIG20240000459422,38,,B,,B,6
AIG20240000459422,39,,B,,B,10
AIG20240000459422,40,,B,,B,11
AIG20240000459422,41,,B,,B,14
AIG20240000459422,42,,B,,B,9
AIG20240000459422,43,,B,,B,12
AIG20240000498079,4,,B,,B,12
AIG20230000455587,4,,B,,B,76
AIG20230000455590,4,,B,,B,45
AIG20250000501522,5,,B,,B,14
AIG20240000459258,5,,B,,B,12
AIG20240000459091,7,4,15.4,,B,30
AIG20240000459167,5,10,45.5,,B,25
AIG20230000455635,24,,B,,B,19
AIG20240000498126,6,,B,,B,5
AIG20240000498172,6,,B,,B,7
AIG20250000501370,2,,B,,B,12
AIG20240000459374,8,,B,,B,0
AIG20250000501645,2,,B,,B,13
AIG20250000501714,3,,B,,B,10
AIG20250000501733,3,6,23.1,,B,45
AIG20240000498108,9,,B,,B,16
AIG20230000455633,6,,B,,B,16
AIG20240000498335,4,,B,,B,30
AIG20250000541108,1,,B,,B,18
AIG20230000455744,9,,B,,B,0
AIG20240000498395,4,,B,,B,11
AIG20240000498362,4,,B,,B,20
AIG20250000501428,2,,B,,B,14
AIG20240000501230,3,,B,,B,20
AIG20250000501335,2,,B,,B,14
AIG20240000459185,5,2,40.0,,B,8
AIG20230000412699,8,5,22.7,,B,27
AIG20240000459427,4,7,50.0,,B,14
AIG20240000459441,4,25,96.2,,B,26
AIG20230000412705,9,,B,,B,7
AIG20250000501721,1,,B,,B,30
AIG20230000455611,8,,B,,B,8
AIG20240000459278,10,,B,,B,13
AIG20250000501462,1,,B,,B,9
AIG20250000501735,1,,B,,B,19
AIG20240000498290,2,,C,,C,0
AIG20230000412688,9,,B,,B,6
AIG20230000455588,8,,B,,B,14
AIG20230000412868,10,,B,,B,16
AIG20240000459307,8,,B,,B,12
AIG20230000455696,5,,B,,B,12
AIG20230000412842,6,,B,,B,18
AIG20240000501197,5,,B,,B,28
AIG20240000501226,2,,B,,B,23
AIG20230000455754,7,,B,,B,11
AIG20240000459434,17,3,17.6,,B,30
AIG20240000459434,18,2,16.7,,B,27
AIG20250000501341,3,2,9.5,,B,25
AIG20230000455593,13,4,23.5,,B,26
AIG20240000459336,3,,B,,B,29
AIG20240000501239,3,,B,,B,12
AIG20230000455661,3,,B,,B,21
AIG20240000459306,8,,B,,B,7
AIG20230000455460,12,,C,,C,0
AIG20240000498253,6,,B,,B,22
AIG20240000459286,4,,B,,B,6
AIG20240000459313,4,,B,,B,5
AIG20230000412834,6,,B,,B,20
AIG20240000459109,3,,B,,B,19
AIG20240000459111,3,,B,,B,16
AIG20240000459114,3,,B,,B,27
AIG20240000459115,3,,B,,B,25
AIG20240000498305,1,,B,,B,7
AIG20250000501724,3,,B,,B,19
AIG20250000501355,2,,B,,B,9
AIG20230000455791,11,,C,,C,0
AIG20230000412581,11,,C,,C,0
AIG20230000412766,20,,B,,B,21
AIG20230000412770,17,,B,,B,41
AIG20240000459323,5,0,0.0,0,0.0,7
AIG20240000459397,9,0,0.0,4,50.0,14
AIG20240000498204,5,0,0.0,5,38.5,16
AIG20240000501194,3,0,0.0,1,12.5,38
AIG20250000543140,1,0,0.0,0,0.0,6
AIG20250000501393,4,,B,,B,24
AIG20240000459108,9,4,36.4,,B,15
AIG20240000459062,4,2,9.5,,B,24
AIG20240000459412,7,,B,,B,40
AIG20250000501545,4,,B,,B,46
AIG20230000412641,13,8,32.0,,B,31
AIG20250000501527,2,1,11.1,,B,10
AIG20250000543125,1,7,70.0,,B,11
AIG20230000455595,14,7,35.0,,B,21
AIG20230000455656,11,17,22.4,,B,84
AIG20240000498343,3,,B,,B,21
AIG20230000455791,12,,C,,C,0
AIG20250000501447,2,,B,,B,10
AIG20240000498260,18,,B,,B,13
AIG20250000501387,1,,B,,B,15
AIG20230000455640,17,,B,,B,17
AIG20240000459012,4,,B,,B,21
AIG20240000459083,7,,B,,B,3
AIG20240000498084,5,,B,,B,9
AIG20230000412830,9,,B,,B,9
AIG20230000455714,9,,C,,C,0
AIG20250000501655,4,,B,,B,9
AIG20240000498058,9,,B,,B,9
AIG20240000459170,2,,B,,B,21
AIG20240000459099,4,,B,,B,40
AIG20230000412718,19,,B,,B,20
AIG20230000412868,11,,B,,B,2
AIG20240000459307,9,,B,,B,0
AIG20240000459132,6,0,0.0,1,11.1,10
AIG20250000543086,1,3,30.0,,B,10
AIG20250000501486,2,5,33.3,,B,19
AIG20230000455708,4,,C,,C,0
AIG20230000455593,14,4,40.0,,B,16
AIG20240000459209,10,4,28.6,,B,14
AIG20230000455791,13,,C,,C,0
AIG20240000498267,7,,B,,B,26
AIG20230000412694,6,,B,,B,12
AIG20230000412697,9,,B,,B,17
AIG20250000501775,1,,B,,B,13
AIG20240000459140,4,,B,,B,38
AIG20230000455732,5,,B,,B,25
AIG20240000501224,3,,B,,B,25
AIG20250000501762,1,,C,,C,0
AIG20230000412581,10,,C,,C,0
AIG20240000498178,4,,B,,B,50
AIG20250000501355,3,,B,,B,14
AIG20230000412815,17,,B,,B,20
AIG20230000412826,13,,B,,B,18
AIG20240000501250,2,,B,,B,8
AIG20240000501238,6,,B,,B,9
AIG20250000501484,2,,B,,B,29
AIG20250000501678,2,,B,,B,43
AIG20240000459042,6,,B,,B,8
AIG20230000455791,14,,C,,C,0
AIG20250000501719,3,,B,,B,37
AIG20230000412718,20,,B,,B,17
AIG20230000455791,15,,C,,C,0
AIG20230000412794,15,,B,,B,17
AIG20240000459381,4,,B,,B,30
AIG20240000459227,6,4,28.6,,B,15
AIG20240000459157,9,,B,,B,8
AIG20250000543108,1,0,0.0,6,42.9,27
AIG20250000543095,1,0,0.0,1,20.0,20
AIG20240000459108,10,0,0.0,0,0.0,18
AIG20250000501640,4,5,41.7,,B,13
AIG20240000501219,5,5,22.7,,B,31
AIG20230000412803,6,2,15.4,,B,13
AIG20230000412641,14,2,20.0,,B,12
AIG20230000412656,18,12,33.3,,B,39
AIG20230000455548,10,1,10.0,,B,10
AIG20230000455548,9,,C,,C,0
AIG20240000498342,6,1,50.0,,B,55
AIG20240000501213,3,10,38.5,,B,29
AIG20250000501341,4,10,52.6,,B,21
AIG20240000459368,6,,B,,B,20
AIG20240000498366,9,1,100.0,,B,39
AIG20230000455653,11,12,38.7,,B,47
AIG20230000412742,9,1,16.7,,B,7
AIG20230000455595,15,7,21.2,,B,35
AIG20250000501503,3,23,24.0,,B,108
AIG20250000501512,3,33,37.9,,B,102
AIG20240000498314,9,4,36.4,,B,12
AIG20250000501613,2,,B,,B,8
AIG20250000501515,3,,B,,B,6
AIG20230000455791,16,,C,,C,0
AIG20230000412718,21,,B,,B,22
AIG20240000498108,10,,B,,B,19
AIG20250000501559,2,,B,,B,6
AIG20240000459090,5,,C,,C,0
AIG20240000459204,7,,B,,B,10
AIG20250000501509,3,,B,,B,35
AIG20230000455749,6,,B,,B,8
AIG20240000459168,6,,B,,B,14
AIG20240000459426,6,,C,,C,0
AIG20240000498184,5,,B,,B,19
AIG20240000498184,6,,B,,B,24
AIG20240000498209,4,,B,,B,12
AIG20240000498265,5,,B,,B,21
AIG20240000501209,3,,B,,B,33
AIG20250000501757,1,,B,,B,29
AIG20230000455718,17,,B,,B,17
AIG20230000455720,19,,B,,B,14
AIG20230000455749,8,,B,,B,12
AIG20230000455753,14,,B,,B,47
AIG20240000459187,8,,B,,B,15
AIG20240000498172,7,,B,,B,6
AIG20240000498282,3,,C,,C,0
AIG20240000501214,3,,B,,B,20
AIG20250000501447,3,,C,,C,0
AIG20250000501638,1,,B,,B,17
AIG20240000498302,4,,B,,B,3
AIG20240000459168,5,,B,,B,6
AIG20240000459360,9,,B,,B,4
AIG20230000455728,5,,B,,B,18
AIG20250000501445,3,,B,,B,12
AIG20240000501204,3,,B,,B,14
AIG20240000459287,4,,C,,C,0
AIG20240000498340,3,,B,,B,9
AIG20240000498368,3,,B,,B,7
AIG20230000455749,7,,B,,B,17
AIG20250000501443,2,,B,,B,19
AIG20240000459262,3,,C,,C,0
AIG20240000459325,9,,B,,B,19
AIG20240000459328,8,,B,,B,20
AIG20240000459325,8,,B,,B,13
AIG20240000498069,4,,B,,B,15
AIG20250000501415,1,,B,,B,5
AIG20230000455604,6,,B,,B,15
AIG20240000459298,4,,B,,B,11
AIG20240000459315,9,,B,,B,13
AIG20240000459317,9,,B,,B,9
AIG20240000459322,9,,B,,B,11
AIG20240000459356,9,,B,,B,3
AIG20240000459357,9,,B,,B,15
AIG20240000459358,9,,B,,B,11
AIG20240000498073,3,,B,,B,8
AIG20230000412740,11,,B,,B,3
AIG20230000455754,11,,C,,C,0
AIG20240000459293,6,,B,,B,21
AIG20230000455622,4,,B,,B,20
AIG20250000501460,7,,B,,B,17
AIG20230000412667,12,,B,,B,10
AIG20240000459119,3,,B,,B,9
AIG20240000459214,5,,B,,B,10
AIG20240000498278,7,,B,,B,15
AIG20250000501622,1,,B,,B,8
AIG20250000501522,6,,B,,B,24
AIG20230000455604,7,,B,,B,12
AIG20240000459042,8,,B,,B,13
AIG20250000543077,1,,B,,B,11
AIG20250000543107,1,0,0.0,5,50.0,27
AIG20240000498106,8,1,50.0,,B,4
AIG20230000455746,10,6,20.0,,B,35
AIG20250000501596,1,3,60.0,,B,8
AIG20230000455708,3,,C,,C,0
AIG20230000455719,16,5,17.9,,B,44
AIG20230000455675,6,5,83.3,,B,6
AIG20240000498072,9,13,37.1,,B,36
AIG20240000459195,4,,D,,B,6
AIG20230000455779,5,,B,,B,21
AIG20230000455791,17,,C,,C,0
AIG20240000498095,4,,B,,B,9
AIG20240000498108,11,,B,,B,8
AIG20240000498402,5,,B,,B,9
AIG20230000455748,10,,B,,B,28
AIG20240000459133,4,,B,,B,6
AIG20240000459234,4,,B,,B,16
AIG20250000501734,1,,B,,B,7
AIG20230000412881,6,,B,,B,32
AIG20230000412883,6,,B,,B,23
AIG20230000412885,6,,B,,B,25
AIG20230000412586,23,,B,,B,24
AIG20240000459065,9,,C,,C,0
AIG20240000459068,25,,B,,B,28
AIG20240000459138,13,,B,,B,34
AIG20240000459138,14,,B,,B,27
AIG20240000459138,15,,B,,B,22
AIG20240000459138,16,,B,,B,17
AIG20230000455615,12,,C,,C,0
AIG20230000412847,7,,C,,C,0
AIG20230000455784,31,,B,,B,18
AIG20240000459068,24,,B,,B,28
AIG20240000459268,9,,B,,B,19
AIG20240000459259,7,,B,,B,44
AIG20250000501645,3,,B,,B,16
AIG20230000412712,16,,C,,C,0
AIG20240000498288,5,,B,,B,47
AIG20230000455635,25,,B,,B,24
AIG20240000459168,7,,B,,B,8
AIG20240000459333,4,,B,,B,17
AIG20250000501364,4,,B,,B,44
AIG20230000412832,17,,B,,B,0
AIG20240000498395,5,,B,,B,17
AIG20250000501481,4,,B,,B,6
AIG20230000455602,20,,B,,B,22
AIG20250000501355,4,,B,,B,11
AIG20250000501427,4,,B,,B,11
AIG20250000501529,3,,B,,B,11
AIG20250000501392,2,,B,,B,18
AIG20250000501476,1,,B,,B,24
AIG20230000455573,11,,C,,C,0
AIG20240000459084,3,,B,,B,5
AIG20240000498198,3,,B,,B,5
AIG20230000455754,40,,C,,C,0
AIG20240000459302,13,,B,,B,50
AIG20240000498142,10,,B,,B,27
AIG20240000498142,9,,B,,B,18
AIG20250000501781,3,,B,,B,21
AIG20240000498115,8,,B,,B,15
AIG20240000498115,9,,B,,B,19
AIG20240000459389,15,,B,,B,8
AIG20250000501529,2,,B,,B,12
AIG20240000498331,3,,B,,B,11
AIG20240000498183,4,,B,,B,12
AIG20240000459042,9,,B,,B,15
AIG20250000501370,3,,B,,B,0
AIG20250000543151,1,,B,,B,0
AIG20250000543143,1,0,0.0,,B,16
AIG20240000498248,6,3,30.0,,B,14
AIG20240000459311,9,,C,,C,0
AIG20240000498248,7,12,66.7,,B,21
AIG20250000501479,1,1,33.3,,B,5
AIG20240000459166,8,,B,,B,13
AIG20230000412755,16,,B,,B,8
AIG20240000459044,2,,B,,B,3
AIG20230000455630,8,,B,,B,6
AIG20240000459278,12,,B,,B,6
AIG20230000412866,13,,C,,C,0
AIG20230000455597,3,,C,,C,0
AIG20230000455734,8,,B,,B,10
AIG20240000459153,9,,B,,B,8
AIG20240000459301,12,,B,,B,15
AIG20240000498122,1,,C,,C,0
AIG20230000455731,9,,B,,B,23
AIG20250000501754,2,,B,,B,13
AIG20230000455687,12,,B,,B,8
AIG20250000543149,1,,B,,B,22
AIG20230000455623,5,,B,,B,27
AIG20250000501516,1,,B,,B,12
AIG20230000455673,3,,B,,B,4
AIG20240000498276,3,,B,,B,10
AIG20250000501456,3,,B,,B,19
AIG20240000501236,4,,B,,B,12
AIG20250000501520,2,,B,,B,10
AIG20240000498245,3,,B,,B,5
AIG20240000498374,5,,B,,B,36
AIG20250000501657,2,,B,,B,19
AIG20250000501533,1,,B,,B,0
AIG20250000501576,1,,B,,B,7
AIG20230000412581,9,,C,,C,0
AIG20240000459374,9,,B,,B,14
AIG20230000412871,6,,C,,C,0
AIG20230000455658,3,,B,,B,11
AIG20230000455754,41,,C,,C,0
AIG20230000412736,7,,B,,B,18
AIG20250000501703,1,,B,,B,4
AIG20240000501186,3,17,23.6,,B,94
AIG20240000459132,7,6,54.5,,B,12
AIG20240000501200,10,,B,,B,27
AIG20240000501200,8,,B,,B,23
AIG20240000501200,9,,B,,B,29
AIG20250000501572,4,,B,,B,26
AIG20240000459107,3,,B,,B,23
AIG20240000459107,4,,B,,B,19
AIG20250000501352,6,,C,,C,0
AIG20240000498088,9,6,27.3,,B,23
AIG20240000459077,5,,B,,B,16
AIG20240000459311,10,0,0.0,,B,3
AIG20240000459142,7,,B,,B,25
AIG20240000459403,2,,C,,C,0
AIG20240000501225,2,,B,,B,14
AIG20240000459234,5,,B,,B,15
AIG20240000498350,4,,B,,B,31
AIG20240000459403,3,,C,,C,0
AIG20240000498380,2,,B,,B,14
AIG20250000501436,2,,B,,B,27
AIG20240000459068,26,,B,,B,24
AIG20240000498223,17,2,40.0,,B,6
AIG20240000459351,5,,B,,B,32
AIG20240000459310,9,,B,,B,45
AIG20240000459242,4,,B,,B,19
AIG20240000501254,3,,B,,B,43
AIG20250000501639,4,2,33.3,,B,7
AIG20240000459368,7,,B,,B,15
AIG20240000498101,4,,B,,B,9
AIG20250000501352,5,,B,,B,14
AIG20250000501447,5,,B,,B,10
AIG20240000459189,7,5,23.8,,B,29
AIG20240000498342,7,,B,,B,30
AIG20240000459091,9,,B,,B,29
AIG20240000459390,11,,B,,B,58
AIG20240000459267,8,,B,,B,24
AIG20240000459019,7,,B,,B,4
AIG20240000459019,8,,B,,B,2
AIG20240000498123,7,,B,,B,23
AIG20240000459125,6,,B,,B,26
AIG20240000459157,8,,C,,C,0
AIG20240000498182,5,,B,,B,13
AIG20250000501733,4,7,29.2,,B,43
AIG20240000459210,6,,B,,B,15
AIG20240000459302,14,,B,,B,1
AIG20240000459095,5,,B,,B,24
AIG20240000498353,6,2,40.0,,B,5
AIG20250000543139,1,4,28.6,,B,14
AIG20240000459408,8,,B,,B,50
AIG20250000543150,1,,B,,B,19
AIG20250000501655,5,,B,,B,9
AIG20240000498160,5,,C,,C,0
AIG20240000498389,5,,B,,B,57
AIG20240000458999,5,,B,,B,18
AIG20240000501257,6,,B,,B,24
AIG20240000459068,27,,B,,B,18
AIG20240000459409,4,,B,,B,6
AIG20250000501400,3,,B,,B,20
AIG20250000501364,5,,B,,B,49
AIG20240000459143,8,,B,,B,22
AIG20250000501724,4,,B,,B,5
AIG20240000459283,12,,B,,B,1
AIG20240000498066,8,,B,,B,1
AIG20240000498115,10,,B,,B,0
AIG20240000498142,11,,B,,B,0
AIG20240000459434,19,6,30.0,,B,26
AIG20240000459434,20,6,35.3,,B,20
AIG20240000459104,6,17,27.4,,B,72
AIG20240000459185,6,,B,,B,11
AIG20250000501379,2,,B,,B,16
AIG20240000459236,4,,B,,B,23
AIG20240000498108,12,,B,,B,7
AIG20240000498084,6,,B,,B,14
AIG20240000459366,7,,B,,B,1
AIG20240000459422,44,,B,,B,16
AIG20240000459422,45,,B,,B,13
AIG20240000459422,46,,B,,B,15
AIG20240000459422,47,,B,,B,17
AIG20240000459422,48,,B,,B,19
AIG20240000459422,49,,B,,B,9
AIG20250000543105,2,,B,,B,13
AIG20240000459167,6,,B,,B,22
AIG20250000501374,2,6,50.0,,B,12
AIG20240000498209,5,,B,,B,13
AIG20250000543105,3,,B,,B,9
AIG20250000501355,5,,B,,B,4
AIG20240000498223,18,,C,,C,0
AIG20250000501719,4,,B,,B,17
AIG20240000458996,3,,B,,B,16
AIG20240000458997,3,,B,,B,12
AIG20240000459335,13,9,25.7,,B,39
AIG20250000501694,3,,B,,B,14
AIG20240000498128,5,,B,,B,9
AIG20240000459059,10,,B,,B,12
AIG20240000498248,9,6,46.2,,B,14
AIG20240000501191,10,9,42.9,,B,22
AIG20240000501191,11,7,35.0,,B,20
AIG20240000501191,12,11,52.4,,B,21
AIG20250000501663,2,,B,,B,13
AIG20240000459368,8,,B,,B,8
AIG20250000501512,4,,B,,B,78
AIG20250000543071,2,,B,,B,17
AIG20240000501251,3,,B,,B,0
AIG20240000501252,3,,B,,B,0
AIG20240000498267,8,,B,,B,25
AIG20240000498303,5,,B,,B,15
AIG20250000543105,4,,B,,B,17
AIG20250000501602,3,,B,,B,11
AIG20250000501602,4,,B,,B,28
AIG20250000501387,2,,B,,B,20
AIG20240000498374,6,,B,,B,24
AIG20240000498141,3,,B,,B,0
AIG20240000498342,8,,B,,B,18
AIG20250000501686,2,,B,,B,9
AIG20240000459209,11,,B,,B,14
AIG20240000498253,7,,B,,B,26
AIG20240000498260,19,,B,,B,11
AIG20240000498172,8,,C,,C,0
AIG20240000459286,5,,C,,C,0
AIG20240000459313,5,,C,,C,0
AIG20240000501238,7,,B,,B,1
AIG20240000459292,11,,C,,C,0
AIG20240000459311,11,1,25.0,,B,7
AIG20240000501198,6,,B,,B,22
AIG20250000543105,5,,B,,B,16
AIG20250000501586,2,,B,,B,18
AIG20240000459118,4,,B,,B,0
AIG20250000501715,2,,C,,C,0
AIG20240000498072,10,,B,,B,46
AIG20240000459179,4,,B,,B,16
AIG20240000459068,28,,B,,B,15
AIG20240000459133,5,,B,,B,10
AIG20240000501236,5,,B,,B,0
AIG20240000459410,2,,B,,B,0
AIG20240000459279,6,,B,,B,50
AIG20250000501473,3,,B,,B,10
AIG20240000501258,11,,B,,B,23
AIG20240000501258,12,,B,,B,25
AIG20240000501258,13,,B,,B,17
AIG20240000498184,7,,B,,B,0
AIG20240000501230,4,,B,,B,1
AIG20240000498288,6,,B,,B,1
AIG20250000501779,5,6,30.0,,B,21
AIG20250000501694,4,,B,,B,31
AIG20240000459022,21,,B,,B,0
AIG20240000459022,22,,B,,B,1
AIG20240000459022,23,,B,,B,0
AIG20240000459022,24,,B,,B,0
AIG20240000459022,25,,B,,B,0
AIG20240000459022,26,,B,,B,0
AIG20240000459022,27,,B,,B,0
AIG20240000459022,28,,B,,B,0
AIG20240000459022,29,,B,,B,1
AIG20240000459022,30,,B,,B,0
AIG20240000459267,9,,B,,B,9
AIG20240000459268,10,,B,,B,18
AIG20250000501572,5,,B,,B,1
AIG20240000498123,8,,B,,B,23
AIG20250000501373,3,,B,,B,0
AIG20240000459412,8,,B,,B,64
AIG20240000498261,4,,B,,B,74
AIG20250000501503,4,,B,,B,122
AIG20240000498156,6,,B,,B,60
AIG20240000498159,5,,B,,B,46
AIG20250000501515,4,,B,,B,11
AIG20240000498108,13,,B,,B,17
AIG20250000501725,2,,B,,B,20
AIG20250000501725,3,,B,,B,12
AIG20250000501746,2,,B,,B,28
AIG20250000501559,3,,B,,B,7
AIG20250000501509,4,,B,,B,46
AIG20250000501445,4,,B,,B,1
AIG20240000498389,6,,B,,B,44
AIG20240000498384,4,,B,,B,66
AIG20250000501686,3,,B,,B,27
AIG20250000501733,5,,B,,B,49
AIG20240000459209,12,,B,,B,12
AIG20240000498260,20,,B,,B,0
AIG20240000459066,13,8,44.4,,B,20
AIG20240000459086,9,4,36.4,,B,13
AIG20240000459108,11,11,55.0,,B,26
AIG20240000459408,9,,B,,B,46
AIG20250000501715,3,,B,,B,28
AIG20240000498289,4,,B,,B,17
AIG20250000501393,5,,B,,B,22
AIG20240000459303,4,10,66.7,,B,18
AIG20250000501436,3,,B,,B,19
AIG20240000459189,8,10,35.7,,B,30
AIG20240000498225,11,14,50.0,,B,33
AIG20240000498248,10,3,42.9,,B,10
AIG20240000498244,6,,B,,B,14
AIG20240000498101,5,,B,,B,17
AIG20250000543125,2,,B,,B,12
AIG20240000459254,7,,B,,B,2
AIG20240000459254,8,,B,,B,0
AIG20250000501545,5,,B,,B,41
AIG20240000459091,10,,B,,B,48
AIG20240000459209,13,,B,,B,1
AIG20240000459368,9,,B,,B,15
AIG20250000501694,5,,B,,B,18
AIG20240000498090,6,4,36.4,,B,12
AIG20250000501341,5,,B,,B,24
AIG20240000498342,9,,B,,B,27
AIG20250000501479,2,,B,,B,5
AIG20250000543075,2,,B,,B,48
AIG20240000459229,5,,B,,B,33
AIG20240000459104,7,,B,,B,41
AIG20240000498314,11,,B,,B,12
AIG20240000459097,13,,B,,B,39
AIG20250000501341,6,,B,,B,25
AIG20240000459183,5,,B,,B,4
AIG20240000459434,21,,B,,B,26
AIG20240000459415,6,,B,,B,28
AIG20240000498072,11,,B,,B,2
AIG20250000501639,6,,B,,B,10
AIG20240000459412,9,,B,,B,71
AIG20250000501545,6,,B,,B,26
AIG20240000459108,12,,B,,B,1
AIG20240000459335,14,,B,,B,17
AIG20250000501733,6,,B,,B,39
AIG20250000501640,6,,B,,B,17
AIG20240000498342,10,,B,,B,24
AIG20240000459368,10,,B,,B,0
AIG20240000498384,5,,B,,B,38
AIG20250000501374,3,,B,,B,16
AIG20250000543145,2,,B,,B,3
AIG20240000459189,9,,B,,B,29
AIG20250000501486,3,,B,,B,17
AIG20240000501213,4,,B,,B,2
AIG20240000498248,11,,B,,B,10
AIG20240000459311,12,,B,,B,17
AIG20240000501191,13,,B,,B,20
AIG20240000501191,14,,B,,B,15
AIG20240000501191,15,,B,,B,14
AIG20240000459408,10,,B,,B,59
AIG20240000459066,14,,B,,B,13
AIG20240000459009,5,,B,,B,21
AIG20240000459086,10,,B,,B,10
AIG20250000501640,7,,B,,B,9
AIG20240000498248,12,,B,,B,13
AIG20240000498389,7,,B,,B,0
AIG20250000501779,6,,B,,B,15
AIG20240000501219,6,,C,,C,0
AIG20240000459108,13,,B,,B,0
AIG20240000498225,12,,B,,B,23
AIG20240000498223,20,,B,,B,9
AIG20260000581141,1,,B,,B,0
AIG20250000543108,2,,B,,B,32
AIG20250000543107,2,,B,,B,30
AIG20250000501639,7,,B,,B,17
AIG20240000501192,12,,B,,B,0
AIG20240000459062,5,,B,,B,22
AIG20260000581159,1,,B,,B,0
AIG20240000459397,10,,B,,B,0
AIG20240000459132,8,,B,,B,5
AIG20250000501715,4,,B,,B,4
AIG20260000581162,1,,B,,B,0
AIG20240000459303,5,,B,,B,0
AIG20240000459189,10,,B,,B,31
AIG20240000459335,15,,B,,B,0
AIG20260000581163,1,,B,,B,0
AIG20250000501640,8,,B,,B,7
AIG20240000498248,13,,B,,B,7
AIG20250000501479,3,,B,,B,4
AIG20250000543140,2,,B,,B,0
AIG20250000543145,3,,B,,B,0
AIG20240000498244,7,,B,,B,12
AIG20240000459108,14,,B,,B,0
AIG20250000501779,7,,B,,B,0
AIG20240000498258,6,,B,,B,0
