고유값,과정명,훈련기관,회차,과정시작일,과정종료일,수강신청 인원,수료인원,수료율
AIG202500005015331,기업맞춤 정보보안 컨설턴트 양성 과정 ,한국IT교육원,1,2025-12-31,2026-07-13,4,41,1025.0
AIG2024000050125813,[크래프톤] 정글,대한상공회의소,13,2026-03-03,2026-07-30,17,122,717.6470588235294
AIG2024000045938914,전자정부 프레임워크 & React(AWS) 기반,(재)대덕인재개발원,14,2025-12-01,2026-07-06,11,74,672.7272727272727
AIG202500005431452,MEDILINK 아카데미 1기 - 의료기기 규제,대구경북첨단의료산업진흥재단,2,2026-05-06,2026-07-09,4,20,500.0
AIG202300004557498,메가존클라우드 MSP 솔루션 아키텍트 양성 과정,메가존클라우드 아이티평생교육원,8,2025-12-29,2026-06-26,12,47,391.66666666666663
AIG202400004590843,엘리스 유니티(Unity) 엔지니어 트랙,(주)엘리스그룹,3,2025-12-30,2026-07-28,11,40,363.6363636363636
AIG202300004557547,"프로젝트기반 웹&앱(자바,스프링,리액트,노코드)",성남 그린컴퓨터아카데미,7,2025-12-16,2026-07-15,12,41,341.66666666666663
AIG202400004593609,클라우드&데브옵스 배포 기반 실무형 프론트&백엔,더조은컴퓨터학원,9,2025-12-29,2026-07-01,6,20,333.33333333333337
AIG202400004591687,인텔 인공지능 응용앱 크리에이터 양성과정,한국전파진흥협회,7,2025-12-30,2026-07-03,10,33,330.0
AIG202400004591685,인텔 인공지능 응용앱 크리에이터 양성과정,한국전파진흥협회,5,2025-12-29,2026-07-01,14,44,314.2857142857143
AIG202400004981833,프로젝트 기반의 프론트앤드 개발자 양성(with,대우능력개발원,3,2025-11-24,2026-07-24,8,25,312.5
AIG202400004983051,고품질 이미지 AI 모델 개발자 양성과정,국제인재개발원,1,2025-12-18,2026-06-29,9,28,311.11111111111114
AIG202500005016554,AWS 클라우드와 온프레미스를 이용한 인프라 구,부산IT아카데미,4,2025-12-22,2026-07-07,16,49,306.25
AIG202500005017813,랭체인을 활용한 AI 영상객체탐지분석 플랫폼 구,코리아IT아카데미,3,2025-12-30,2026-07-29,26,76,292.30769230769226
AIG202400004592936,[Microsoft] CyberSecurity ,대한상공회의소,6,2025-12-29,2026-07-23,22,64,290.90909090909093
AIG202500005014761,생성형 AI 활용 IT 스타트업 사업개발자 실무,코드잇 평생교육원,1,2025-12-30,2026-07-16,28,78,278.57142857142856
AIG202400004980694,융합_건양대학교병원 바이오메디컬 인공지능,미래융합교육원,4,2025-12-29,2026-07-09,18,50,277.77777777777777
AIG202300004557497,메가존클라우드 MSP 솔루션 아키텍트 양성 과정,메가존클라우드 아이티평생교육원,7,2025-12-29,2026-07-07,21,58,276.1904761904762
AIG202500005014151,(머신러닝+딥러닝 활용)제조 데이터를 활용한 빅,두드림IT교육원,1,2025-12-29,2026-07-10,7,19,271.42857142857144
AIG202400004592984,JAVA 풀스택 웹&앱 개발자(클라우드) 취업캠,더조은컴퓨터아카데미,4,2025-12-29,2026-07-15,12,31,258.33333333333337
AIG2023000041283217,에듀테크 상품서비스 PM(프로덕트매니저) 양성,(주)천재교육,17,2025-12-30,2026-07-13,4,10,250.0
AIG2024000045910812,심화_ROS2와 AI를 활용한 자율주행&로봇팔 ,애드인에듀 아카데미 구로가산센,12,2026-04-22,2026-06-26,14,34,242.85714285714283
AIG202400004982453,"블렌더활용 VR 실감형콘텐츠(그래픽, 영상)",윤성컴퓨터디자인아카데미,3,2025-12-31,2026-07-07,7,17,242.85714285714283
AIG202400004593526,[기업연계]언리얼 엔진을 활용한 게임 개발자 부,주식회사디벨로켓에듀(DEVEL,6,2025-11-13,2026-07-08,19,46,242.10526315789474
AIG202400004983624,프로젝트 기반 AWS 풀스택 웹 개발자 양성,KH정보교육원 종로지원,4,2025-12-11,2026-07-01,28,66,235.71428571428572
AIG202400005012502,AWS AI School,한국전파진흥협회,2,2025-12-23,2026-07-10,11,24,218.18181818181816
AIG2024000045920911,기업맞춤형 AI+X 융복합 인재 양성 과정,(주)한국능률협회컨설팅,11,2026-02-24,2026-07-24,21,45,214.28571428571428
AIG202300004556925,AI를 활용한 3D 실감형 콘텐츠 제작 전문가,방송정보국제교육원,5,2025-11-06,2026-07-08,11,23,209.0909090909091
AIG202400004589995,융합_데이터 기반 차세대 디지털 헬스케어 AI ,아시아경제 교육센터,5,2026-02-03,2026-07-29,24,50,208.33333333333334
AIG2024000045908610,심화_LowCode 기반의 AI융합 스마트관리시,(주)글로벌아카데미(구.글로벌,10,2026-05-18,2026-07-16,12,25,208.33333333333334
AIG2022000040945512,전자정부 표준 프레임워크 기반 풀-스택 개발자 ,(재)대덕인재개발원,12,2023-06-01,2024-01-17,28,58,207.14285714285717
AIG202400005012523,융합_[NS홈쇼핑] 디지털 콘텐츠 버추얼 프로덕,대한상공회의소,3,2026-02-23,2026-07-31,21,43,204.76190476190476
AIG202300004128309,[기업맞춤 PBT] 클라우드 기반 AI 서비스,한국IT교육원,9,2025-12-22,2026-07-01,14,27,192.85714285714286
AIG2023000045568712,차세대 AI 예측 Solution 개발(Java,(주)글로벌아카데미(구.글로벌,12,2025-12-31,2026-06-30,11,19,172.72727272727272
AIG202500005015202,현업에서 바로 통하는 자바 풀스택 & 생성형AI,한국정보교육원(구.경원직업전문,2,2025-12-31,2026-07-06,10,17,170.0
AIG2024000049824811,심화_심층 데이터 분석을 통한 서비스 솔루션 개,휴먼AI교육센터_국비지원교육,11,2026-05-11,2026-07-13,10,17,170.0
AIG202300004556583,스마트 모빌리티 부트캠프 : 웹&모바일 통합 A,연희직업전문학교(주),3,2025-12-31,2026-07-27,13,22,169.23076923076923
AIG202400004593258,(콘텐츠 테크놀러지 2과정) 차세대 가상 엔터테,(주)에스엠유니버스,8,2025-12-29,2026-07-09,19,32,168.42105263157893
AIG202400004591539,XR기반 실감콘텐츠 개발자 양성과정,The국제직업전문학교,9,2025-12-31,2026-06-26,9,15,166.66666666666669
AIG202400004980589,[프로젝트] 클라우드(AWS)활용 자바/스프링 ,구디아카데미,9,2025-12-22,2026-07-09,9,15,166.66666666666669
AIG202300004556733,"AI기반 스마트융합(JAVA, PYTHON) 풀",동성인재개발교육원,3,2025-12-31,2026-07-03,5,8,160.0
AIG202500005013552,AI활용 헬스케어 서비스 개발자과정,스마트인재개발원,2,2025-12-18,2026-07-07,12,19,158.33333333333331
AIG2024000045943421,[KG그룹] 청년 이차전지 미래기술 아카데미,대한상공회의소,21,2026-04-14,2026-07-02,30,47,156.66666666666666
AIG202500005014475,[HDC Labs]생성형 AI 활용 스마트 Io,현대경제연구원 인재개발원,5,2026-01-26,2026-07-24,11,17,154.54545454545453
AIG202400005012386,[KBS미디어] AI 활용 실감형 미디어 콘텐츠,케이비에스미디어주식회사,6,2025-12-23,2026-07-21,19,29,152.63157894736844
AIG202500005013415,반도체 공정/설비 데이터 분석 전문가 양성과정,렛유인에듀이공계핵심인재양성평생,5,2026-03-31,2026-07-10,29,44,151.72413793103448
AIG202400004591113,현대오토에버 웹&앱 개발 스쿨,한국전파진흥협회,3,2025-12-18,2026-06-29,18,27,150.0
AIG202500005014842,AI융합 로봇 SW 개발자,대한상공회의소 서울기술교육센터,2,2025-12-23,2026-07-21,29,43,148.27586206896552
AIG2024000049810812,생성형 AI를 활용한 영상 웹퍼블리셔&프론트엔드,엠비씨(MBC)아카데미 컴퓨터,12,2026-02-09,2026-07-27,15,22,146.66666666666666
AIG202500005014453,[에스트래픽] 스마트 모빌리티 DX Academ,한국지능형교통체계협회,3,2025-12-29,2026-07-02,13,19,146.15384615384613
AIG202500005013525,"인공지능(AI),빅데이터 활용 웹솔루션 개발자 ",휴먼AI교육센터_내일배움카드교,5,2026-01-26,2026-07-23,14,20,142.85714285714286
AIG202400004593689,재직자_INNER CIRCLE : 기획/디자인 ,패스트캠퍼스강남학원,9,2026-03-30,2026-07-18,19,27,142.10526315789474
AIG202500005017571,[SK AX] 클라우드 네이티브 애플리케이션 개,대한상공회의소,1,2025-12-29,2026-06-25,34,48,141.1764705882353
AIG202400004982094,IaC 기반 하이브리드 클라우드 인프라 및 보안,메가스터디아이티(IT)아카데미,4,2025-12-29,2026-06-25,15,21,140.0
AIG202500005016407,AI 심화 캠프,패스트캠퍼스강남학원,7,2026-05-26,2026-07-29,15,21,140.0
AIG202400004980733,빅데이터분석(ElasticStack)활용&자바웹,더조은컴퓨터아카데미 종로,3,2025-12-29,2026-07-17,11,15,136.36363636363635
AIG202400005012043,[BNK부산은행]금융DT 아카데미(생성형AI활용,한국표준협회,3,2025-12-29,2026-07-03,14,19,135.71428571428572
AIG202400004593749,언어지능기반 분석서비스 개발자과정,스마트인재개발원,9,2025-12-31,2026-07-16,17,23,135.29411764705884
AIG202400004982894,재직자_제조업 기반 CDS 전문가 과정,팀스파르타주식회사,4,2026-03-16,2026-07-07,17,23,135.29411764705884
AIG2023000041274010,[인공지능]AIoT를 이용한 빅데이터 분석 산업,(주)삼성에이엑스아이,10,2025-12-02,2026-06-29,15,20,133.33333333333331
AIG2023000045578431,[KG ICT] 청년 AI 로보틱스,대한상공회의소,31,2025-12-30,2026-06-29,21,28,133.33333333333331
AIG202500005014563,[대보정보통신] AI-X 스마트 교통 및 인프라,한국지능형교통체계협회,3,2025-12-31,2026-07-03,21,26,123.80952380952381
AIG202500005431252,CGT 공정개발,사단법인 충북바이오산학융합원,2,2026-03-23,2026-07-27,14,17,121.42857142857142
AIG2024000049824812,심화_심층 데이터 분석을 통한 서비스 솔루션 개,휴먼AI교육센터_국비지원교육,12,2026-05-26,2026-07-30,19,23,121.05263157894737
AIG202300004555888, 클라우드 기반 빅데이터 융합 자바(JAVA) ,오라클자바교육학원,8,2025-12-15,2026-07-16,20,24,120.0
AIG202500005015293,AI기반 멀티미디어콘텐츠 영상편집 크리에이터 마,(주)이젠컴퓨터아카데미안산,3,2025-12-30,2026-07-15,12,14,116.66666666666667
AIG202300004557285,[신한투자증권] 프로디지털아카데미,한국표준협회,5,2025-12-29,2026-07-02,23,26,113.04347826086956
AIG202500005017542,ROS2를 활용한 AI 로보틱스,대구가톨릭대학교 인재개발교육원,2,2025-12-31,2026-06-29,17,19,111.76470588235294
AIG202500005017243,클라우드 네이티브 풀스택 & DevOps 개발자,KH정보교육원 부산지원,3,2025-12-18,2026-07-02,22,24,109.09090909090908
AIG202500005013922,융합_로보테크 AI 자율주행 로봇 개발자 과정,미래융합교육원,2,2025-12-30,2026-07-16,22,24,109.09090909090908
AIG202400004592424,자바(JAVA) 웹개발자 양성과정(클라우드),에이콘아카데미 홍대학원,4,2026-01-22,2026-07-27,22,24,109.09090909090908
AIG202500005014274,"기업요구 Vue, Spring & Cloud 활",(주)예담직업전문학교,4,2025-12-30,2026-07-15,13,14,107.6923076923077
AIG2024000045906614,심화_생성형 AI활용 인재양성과정 (조별멘토),하이미디어아카데미,14,2026-05-15,2026-07-14,16,17,106.25
AIG2024000050119115,[포스코] 청년 AIㆍBigdata 아카데미,대한상공회의소,15,2026-05-11,2026-07-16,17,18,105.88235294117648
